stim1,stim2,stim3,stim4,stim5,stim6
1181,сенаторы,ждали,и,читают,+
1182,сенаторы,ждали,и,читает,-
911,профессор,большой,и,говорит,+
912,профессор,большой,и,говорят,-
97,клиент,говорит,и,большой,+
98,клиент,говорит,и,большие,-
1441,фермеры,старые,и,большие,+
1442,фермеры,старые,и,большой,-
193,врач,ждал,и,молодой,+
194,врач,ждал,и,молодые,-
701,автор,молодой,и,говорит,+
702,автор,молодой,и,говорят,-
1707,режиссёры,молодые,и,большие,+
1708,режиссёры,молодые,и,большой,-
365,клиент,читает,и,говорит,+
366,клиент,читает,и,говорят,-
1013,фермеры,говорят,и,читают,+
1014,фермеры,говорят,и,читает,-
1849,фермеры,большие,и,говорят,+
1850,фермеры,большие,и,говорит,-
1893,профессора,большие,и,ждали,+
1894,профессора,большие,и,ждал,-
825,пилот,молодой,и,большой,+
826,пилот,молодой,и,большие,-
1581,фермеры,маленькие,и,большие,+
1582,фермеры,маленькие,и,большой,-
1265,авторы,читают,и,читают,+
1266,авторы,читают,и,читает,-
1683,авторы,молодые,и,ждали,+
1684,авторы,молодые,и,ждал,-
1771,клиенты,молодые,и,старые,+
1772,клиенты,молодые,и,старый,-
1787,офицеры,молодые,и,маленькие,+
1788,офицеры,молодые,и,маленький,-
575,режиссёр,маленький,и,говорит,+
576,режиссёр,маленький,и,говорят,-
1505,офицеры,старые,и,старые,+
1506,офицеры,старые,и,старый,-
723,режиссёр,молодой,и,маленький,+
724,режиссёр,молодой,и,маленькие,-
1841,режиссёры,большие,и,старые,+
1842,режиссёры,большие,и,старый,-
1341,профессора,читают,и,молодые,+
1342,профессора,читают,и,молодой,-
1883,сенаторы,большие,и,старые,+
1884,сенаторы,большие,и,старый,-
143,автор,ждал,и,ждал,+
144,автор,ждал,и,ждали,-
1659,пилоты,маленькие,и,старые,+
1660,пилоты,маленькие,и,старый,-
1121,авторы,ждали,и,говорят,+
1122,авторы,ждали,и,говорит,-
699,ученик,маленький,и,большой,+
700,ученик,маленький,и,большие,-
1261,авторы,читают,и,говорят,+
1262,авторы,читают,и,говорит,-
47,врач,говорит,и,читает,+
48,врач,говорит,и,читают,-
199,сенатор,ждал,и,ждал,+
200,сенатор,ждал,и,ждали,-
1193,профессора,ждали,и,ждали,+
1194,профессора,ждали,и,ждал,-
681,пилот,маленький,и,маленький,+
682,пилот,маленький,и,маленькие,-
1731,врачи,молодые,и,маленькие,+
1732,врачи,молодые,и,маленький,-
1127,авторы,ждали,и,старые,+
1128,авторы,ждали,и,старый,-
69,сенатор,говорит,и,большой,+
70,сенатор,говорит,и,большие,-
821,пилот,молодой,и,маленький,+
822,пилот,молодой,и,маленькие,-
457,фермер,старый,и,маленький,+
458,фермер,старый,и,маленькие,-
903,сенатор,большой,и,старый,+
904,сенатор,большой,и,старые,-
45,врач,говорит,и,ждал,+
46,врач,говорит,и,ждали,-
171,фермер,ждал,и,ждал,+
172,фермер,ждал,и,ждали,-
1553,авторы,маленькие,и,большие,+
1554,авторы,маленькие,и,большой,-
1701,режиссёры,молодые,и,старые,+
1702,режиссёры,молодые,и,старый,-
1109,ученики,говорят,и,ждали,+
1110,ученики,говорят,и,ждал,-
785,клиент,молодой,и,говорит,+
786,клиент,молодой,и,говорят,-
233,клиент,ждал,и,маленький,+
234,клиент,ждал,и,маленькие,-
273,ученик,ждал,и,старый,+
274,ученик,ждал,и,старые,-
1877,сенаторы,большие,и,говорят,+
1878,сенаторы,большие,и,говорит,-
175,фермер,ждал,и,старый,+
176,фермер,ждал,и,старые,-
1705,режиссёры,молодые,и,молодые,+
1706,режиссёры,молодые,и,молодой,-
1681,авторы,молодые,и,говорят,+
1682,авторы,молодые,и,говорит,-
75,профессор,говорит,и,читает,+
76,профессор,говорит,и,читают,-
1131,авторы,ждали,и,молодые,+
1132,авторы,ждали,и,молодой,-
1855,фермеры,большие,и,старые,+
1856,фермеры,большие,и,старый,-
1779,офицеры,молодые,и,говорят,+
1780,офицеры,молодые,и,говорит,-
61,сенатор,говорит,и,читает,+
62,сенатор,говорит,и,читают,-
1005,режиссёры,говорят,и,молодые,+
1006,режиссёры,говорят,и,молодой,-
31,фермер,говорит,и,ждал,+
32,фермер,говорит,и,ждали,-
721,режиссёр,молодой,и,старый,+
722,режиссёр,молодой,и,старые,-
1723,врачи,молодые,и,говорят,+
1724,врачи,молодые,и,говорит,-
1057,профессора,говорят,и,старые,+
1058,профессора,говорят,и,старый,-
249,офицер,ждал,и,молодой,+
250,офицер,ждал,и,молодые,-
1313,врачи,читают,и,молодые,+
1314,врачи,читают,и,молодой,-
7,автор,говорит,и,старый,+
8,автор,говорит,и,старые,-
617,сенатор,маленький,и,говорит,+
618,сенатор,маленький,и,говорят,-
451,фермер,старый,и,ждал,+
452,фермер,старый,и,ждали,-
1199,профессора,ждали,и,маленькие,+
1200,профессора,ждали,и,маленький,-
1373,пилоты,читают,и,говорят,+
1374,пилоты,читают,и,говорит,-
1903,профессора,большие,и,большие,+
1904,профессора,большие,и,большой,-
113,пилот,говорит,и,говорит,+
114,пилот,говорит,и,говорят,-
845,автор,большой,и,читает,+
846,автор,большой,и,читают,-
491,профессор,старый,и,говорит,+
492,профессор,старый,и,говорят,-
1675,ученики,маленькие,и,маленькие,+
1676,ученики,маленькие,и,маленький,-
1901,профессора,большие,и,молодые,+
1902,профессора,большие,и,молодой,-
1033,врачи,говорят,и,молодые,+
1034,врачи,говорят,и,молодой,-
1009,фермеры,говорят,и,говорят,+
1010,фермеры,говорят,и,говорит,-
1727,врачи,молодые,и,читают,+
1728,врачи,молодые,и,читает,-
927,клиент,большой,и,ждал,+
928,клиент,большой,и,ждали,-
299,режиссёр,читает,и,читает,+
300,режиссёр,читает,и,читают,-
1859,фермеры,большие,и,молодые,+
1860,фермеры,большие,и,молодой,-
1547,авторы,маленькие,и,старые,+
1548,авторы,маленькие,и,старый,-
1319,сенаторы,читают,и,ждали,+
1320,сенаторы,читают,и,ждал,-
1823,авторы,большие,и,ждали,+
1824,авторы,большие,и,ждал,-
793,клиент,молодой,и,маленький,+
794,клиент,молодой,и,маленькие,-
829,ученик,молодой,и,ждал,+
830,ученик,молодой,и,ждали,-
787,клиент,молодой,и,ждал,+
788,клиент,молодой,и,ждали,-
1105,пилоты,говорят,и,большие,+
1106,пилоты,говорят,и,большой,-
363,профессор,читает,и,большой,+
364,профессор,читает,и,большие,-
1399,ученики,читают,и,большие,+
1400,ученики,читают,и,большой,-
1433,фермеры,старые,и,читают,+
1434,фермеры,старые,и,читает,-
57,сенатор,говорит,и,говорит,+
58,сенатор,говорит,и,говорят,-
1281,режиссёры,читают,и,старые,+
1282,режиссёры,читают,и,старый,-
1869,врачи,большие,и,старые,+
1870,врачи,большие,и,старый,-
1325,сенаторы,читают,и,маленькие,+
1326,сенаторы,читают,и,маленький,-
837,ученик,молодой,и,молодой,+
838,ученик,молодой,и,молодые,-
893,врач,большой,и,молодой,+
894,врач,большой,и,молодые,-
1271,авторы,читают,и,молодые,+
1272,авторы,читают,и,молодой,-
687,ученик,маленький,и,говорит,+
688,ученик,маленький,и,говорят,-
759,сенатор,молодой,и,ждал,+
760,сенатор,молодой,и,ждали,-
1259,ученики,ждали,и,большие,+
1260,ученики,ждали,и,большой,-
869,фермер,большой,и,говорит,+
870,фермер,большой,и,говорят,-
773,профессор,молодой,и,ждал,+
774,профессор,молодой,и,ждали,-
855,режиссёр,большой,и,говорит,+
856,режиссёр,большой,и,говорят,-
1511,офицеры,старые,и,большие,+
1512,офицеры,старые,и,большой,-
395,пилот,читает,и,ждал,+
396,пилот,читает,и,ждали,-
1165,врачи,ждали,и,ждали,+
1166,врачи,ждали,и,ждал,-
1805,пилоты,молодые,и,большие,+
1806,пилоты,молодые,и,большой,-
957,пилот,большой,и,читает,+
958,пилот,большой,и,читают,-
11,автор,говорит,и,молодой,+
12,автор,говорит,и,молодые,-
1285,режиссёры,читают,и,молодые,+
1286,режиссёры,читают,и,молодой,-
1957,ученики,большие,и,молодые,+
1958,ученики,большие,и,молодой,-
1055,профессора,говорят,и,читают,+
1056,профессора,говорят,и,читает,-
875,фермер,большой,и,старый,+
876,фермер,большой,и,старые,-
1695,режиссёры,молодые,и,говорят,+
1696,режиссёры,молодые,и,говорит,-
899,сенатор,большой,и,ждал,+
900,сенатор,большой,и,ждали,-
67,сенатор,говорит,и,молодой,+
68,сенатор,говорит,и,молодые,-
951,офицер,большой,и,большой,+
952,офицер,большой,и,большие,-
1475,профессора,старые,и,читают,+
1476,профессора,старые,и,читает,-
1737,сенаторы,молодые,и,говорят,+
1738,сенаторы,молодые,и,говорит,-
1305,врачи,читают,и,ждали,+
1306,врачи,читают,и,ждал,-
463,врач,старый,и,говорит,+
464,врач,старый,и,говорят,-
1483,профессора,старые,и,большие,+
1484,профессора,старые,и,большой,-
473,врач,старый,и,молодой,+
474,врач,старый,и,молодые,-
693,ученик,маленький,и,старый,+
694,ученик,маленький,и,старые,-
1845,режиссёры,большие,и,молодые,+
1846,режиссёры,большие,и,молодой,-
153,автор,ждал,и,большой,+
154,автор,ждал,и,большие,-
655,клиент,маленький,и,молодой,+
656,клиент,маленький,и,молодые,-
1485,клиенты,старые,и,говорят,+
1486,клиенты,старые,и,говорит,-
1251,ученики,ждали,и,читают,+
1252,ученики,ждали,и,читает,-
1189,сенаторы,ждали,и,большие,+
1190,сенаторы,ждали,и,большой,-
1587,врачи,маленькие,и,читают,+
1588,врачи,маленькие,и,читает,-
1885,сенаторы,большие,и,маленькие,+
1886,сенаторы,большие,и,маленький,-
1719,фермеры,молодые,и,молодые,+
1720,фермеры,молодые,и,молодой,-
1287,режиссёры,читают,и,большие,+
1288,режиссёры,читают,и,большой,-
565,автор,маленький,и,читает,+
566,автор,маленький,и,читают,-
779,профессор,молодой,и,маленький,+
780,профессор,молодой,и,маленькие,-
1133,авторы,ждали,и,большие,+
1134,авторы,ждали,и,большой,-
581,режиссёр,маленький,и,старый,+
582,режиссёр,маленький,и,старые,-
1889,сенаторы,большие,и,большие,+
1890,сенаторы,большие,и,большой,-
1065,клиенты,говорят,и,говорят,+
1066,клиенты,говорят,и,говорит,-
1117,ученики,говорят,и,молодые,+
1118,ученики,говорят,и,молодой,-
973,ученик,большой,и,старый,+
974,ученик,большой,и,старые,-
577,режиссёр,маленький,и,ждал,+
578,режиссёр,маленький,и,ждали,-
1401,авторы,старые,и,говорят,+
1402,авторы,старые,и,говорит,-
1783,офицеры,молодые,и,читают,+
1784,офицеры,молодые,и,читает,-
659,офицер,маленький,и,говорит,+
660,офицер,маленький,и,говорят,-
481,сенатор,старый,и,читает,+
482,сенатор,старый,и,читают,-
1807,ученики,молодые,и,говорят,+
1808,ученики,молодые,и,говорит,-
221,профессор,ждал,и,молодой,+
222,профессор,ждал,и,молодые,-
1207,клиенты,ждали,и,ждали,+
1208,клиенты,ждали,и,ждал,-
191,врач,ждал,и,маленький,+
192,врач,ждал,и,маленькие,-
563,автор,маленький,и,ждал,+
564,автор,маленький,и,ждали,-
835,ученик,молодой,и,маленький,+
836,ученик,молодой,и,маленькие,-
1363,офицеры,читают,и,читают,+
1364,офицеры,читают,и,читает,-
105,офицер,говорит,и,старый,+
106,офицер,говорит,и,старые,-
73,профессор,говорит,и,ждал,+
74,профессор,говорит,и,ждали,-
187,врач,ждал,и,читает,+
188,врач,ждал,и,читают,-
1031,врачи,говорят,и,маленькие,+
1032,врачи,говорят,и,маленький,-
59,сенатор,говорит,и,ждал,+
60,сенатор,говорит,и,ждали,-
1403,авторы,старые,и,ждали,+
1404,авторы,старые,и,ждал,-
307,режиссёр,читает,и,большой,+
308,режиссёр,читает,и,большие,-
1735,врачи,молодые,и,большие,+
1736,врачи,молодые,и,большой,-
291,автор,читает,и,молодой,+
292,автор,читает,и,молодые,-
1915,клиенты,большие,и,молодые,+
1916,клиенты,большие,и,молодой,-
1875,врачи,большие,и,большие,+
1876,врачи,большие,и,большой,-
1545,авторы,маленькие,и,читают,+
1546,авторы,маленькие,и,читает,-
547,ученик,старый,и,говорит,+
548,ученик,старый,и,говорят,-
1255,ученики,ждали,и,маленькие,+
1256,ученики,ждали,и,маленький,-
1931,офицеры,большие,и,большие,+
1932,офицеры,большие,и,большой,-
857,режиссёр,большой,и,ждал,+
858,режиссёр,большой,и,ждали,-
1257,ученики,ждали,и,молодые,+
1258,ученики,ждали,и,молодой,-
1489,клиенты,старые,и,читают,+
1490,клиенты,старые,и,читает,-
545,пилот,старый,и,большой,+
546,пилот,старый,и,большие,-
1453,врачи,старые,и,молодые,+
1454,врачи,старые,и,молодой,-
553,ученик,старый,и,старый,+
554,ученик,старый,и,старые,-
201,сенатор,ждал,и,читает,+
202,сенатор,ждал,и,читают,-
167,режиссёр,ждал,и,большой,+
168,режиссёр,ждал,и,большие,-
241,офицер,ждал,и,ждал,+
242,офицер,ждал,и,ждали,-
1693,авторы,молодые,и,большие,+
1694,авторы,молодые,и,большой,-
1173,врачи,ждали,и,молодые,+
1174,врачи,ждали,и,молодой,-
1345,клиенты,читают,и,говорят,+
1346,клиенты,читают,и,говорит,-
361,профессор,читает,и,молодой,+
362,профессор,читает,и,молодые,-
969,ученик,большой,и,ждал,+
970,ученик,большой,и,ждали,-
1221,офицеры,ждали,и,ждали,+
1222,офицеры,ждали,и,ждал,-
1459,сенаторы,старые,и,ждали,+
1460,сенаторы,старые,и,ждал,-
83,профессор,говорит,и,большой,+
84,профессор,говорит,и,большие,-
1913,клиенты,большие,и,маленькие,+
1914,клиенты,большие,и,маленький,-
715,режиссёр,молодой,и,говорит,+
716,режиссёр,молодой,и,говорят,-
1439,фермеры,старые,и,молодые,+
1440,фермеры,старые,и,молодой,-
1763,профессора,молодые,и,большие,+
1764,профессора,молодые,и,большой,-
981,авторы,говорят,и,говорят,+
982,авторы,говорят,и,говорит,-
1851,фермеры,большие,и,ждали,+
1852,фермеры,большие,и,ждал,-
29,фермер,говорит,и,говорит,+
30,фермер,говорит,и,говорят,-
591,фермер,маленький,и,ждал,+
592,фермер,маленький,и,ждали,-
381,офицер,читает,и,ждал,+
382,офицер,читает,и,ждали,-
1867,врачи,большие,и,читают,+
1868,врачи,большие,и,читает,-
1591,врачи,маленькие,и,маленькие,+
1592,врачи,маленькие,и,маленький,-
1267,авторы,читают,и,старые,+
1268,авторы,читают,и,старый,-
611,врач,маленький,и,маленький,+
612,врач,маленький,и,маленькие,-
101,офицер,говорит,и,ждал,+
102,офицер,говорит,и,ждали,-
357,профессор,читает,и,старый,+
358,профессор,читает,и,старые,-
1073,клиенты,говорят,и,маленькие,+
1074,клиенты,говорят,и,маленький,-
523,офицер,старый,и,читает,+
524,офицер,старый,и,читают,-
267,ученик,ждал,и,говорит,+
268,ученик,ждал,и,говорят,-
853,автор,большой,и,большой,+
854,автор,большой,и,большие,-
1205,клиенты,ждали,и,говорят,+
1206,клиенты,ждали,и,говорит,-
525,офицер,старый,и,старый,+
526,офицер,старый,и,старые,-
305,режиссёр,читает,и,молодой,+
306,режиссёр,читает,и,молодые,-
683,пилот,маленький,и,молодой,+
684,пилот,маленький,и,молодые,-
1195,профессора,ждали,и,читают,+
1196,профессора,ждали,и,читает,-
1477,профессора,старые,и,старые,+
1478,профессора,старые,и,старый,-
605,врач,маленький,и,ждал,+
606,врач,маленький,и,ждали,-
1525,пилоты,старые,и,большие,+
1526,пилоты,старые,и,большой,-
1491,клиенты,старые,и,старые,+
1492,клиенты,старые,и,старый,-
1171,врачи,ждали,и,маленькие,+
1172,врачи,ждали,и,маленький,-
677,пилот,маленький,и,читает,+
678,пилот,маленький,и,читают,-
203,сенатор,ждал,и,старый,+
204,сенатор,ждал,и,старые,-
1689,авторы,молодые,и,маленькие,+
1690,авторы,молодые,и,маленький,-
887,врач,большой,и,читает,+
888,врач,большой,и,читают,-
95,клиент,говорит,и,молодой,+
96,клиент,говорит,и,молодые,-
1283,режиссёры,читают,и,маленькие,+
1284,режиссёры,читают,и,маленький,-
1463,сенаторы,старые,и,старые,+
1464,сенаторы,старые,и,старый,-
1909,клиенты,большие,и,читают,+
1910,клиенты,большие,и,читает,-
1291,фермеры,читают,и,ждали,+
1292,фермеры,читают,и,ждал,-
641,профессор,маленький,и,молодой,+
642,профессор,маленький,и,молодые,-
1711,фермеры,молодые,и,ждали,+
1712,фермеры,молодые,и,ждал,-
1907,клиенты,большие,и,ждали,+
1908,клиенты,большие,и,ждал,-
917,профессор,большой,и,старый,+
918,профессор,большой,и,старые,-
89,клиент,говорит,и,читает,+
90,клиент,говорит,и,читают,-
155,режиссёр,ждал,и,говорит,+
156,режиссёр,ждал,и,говорят,-
49,врач,говорит,и,старый,+
50,врач,говорит,и,старые,-
645,клиент,маленький,и,говорит,+
646,клиент,маленький,и,говорят,-
389,офицер,читает,и,молодой,+
390,офицер,читает,и,молодые,-
1611,профессора,маленькие,и,говорят,+
1612,профессора,маленькие,и,говорит,-
557,ученик,старый,и,молодой,+
558,ученик,старый,и,молодые,-
1815,ученики,молодые,и,маленькие,+
1816,ученики,молодые,и,маленький,-
259,пилот,ждал,и,старый,+
260,пилот,ждал,и,старые,-
413,ученик,читает,и,старый,+
414,ученик,читает,и,старые,-
1541,авторы,маленькие,и,говорят,+
1542,авторы,маленькие,и,говорит,-
1329,сенаторы,читают,и,большие,+
1330,сенаторы,читают,и,большой,-
1917,клиенты,большие,и,большие,+
1918,клиенты,большие,и,большой,-
1873,врачи,большие,и,молодые,+
1874,врачи,большие,и,молодой,-
639,профессор,маленький,и,маленький,+
640,профессор,маленький,и,маленькие,-
1159,фермеры,ждали,и,молодые,+
1160,фермеры,ждали,и,молодой,-
1157,фермеры,ждали,и,маленькие,+
1158,фермеры,ждали,и,маленький,-
823,пилот,молодой,и,молодой,+
824,пилот,молодой,и,молодые,-
1617,профессора,маленькие,и,старые,+
1618,профессора,маленькие,и,старый,-
631,профессор,маленький,и,говорит,+
632,профессор,маленький,и,говорят,-
209,сенатор,ждал,и,большой,+
210,сенатор,ждал,и,большие,-
1937,пилоты,большие,и,читают,+
1938,пилоты,большие,и,читает,-
713,автор,молодой,и,большой,+
714,автор,молодой,и,большие,-
1457,сенаторы,старые,и,говорят,+
1458,сенаторы,старые,и,говорит,-
103,офицер,говорит,и,читает,+
104,офицер,говорит,и,читают,-
161,режиссёр,ждал,и,старый,+
162,режиссёр,ждал,и,старые,-
959,пилот,большой,и,старый,+
960,пилот,большой,и,старые,-
1513,пилоты,старые,и,говорят,+
1514,пилоты,старые,и,говорит,-
1935,пилоты,большие,и,ждали,+
1936,пилоты,большие,и,ждал,-
1337,профессора,читают,и,старые,+
1338,профессора,читают,и,старый,-
1879,сенаторы,большие,и,ждали,+
1880,сенаторы,большие,и,ждал,-
1147,режиссёры,ждали,и,большие,+
1148,режиссёры,ждали,и,большой,-
919,профессор,большой,и,маленький,+
920,профессор,большой,и,маленькие,-
1427,режиссёры,старые,и,большие,+
1428,режиссёры,старые,и,большой,-
415,ученик,читает,и,маленький,+
416,ученик,читает,и,маленькие,-
625,сенатор,маленький,и,маленький,+
626,сенатор,маленький,и,маленькие,-
293,автор,читает,и,большой,+
294,автор,читает,и,большие,-
1089,офицеры,говорят,и,молодые,+
1090,офицеры,говорят,и,молодой,-
955,пилот,большой,и,ждал,+
956,пилот,большой,и,ждали,-
1595,врачи,маленькие,и,большие,+
1596,врачи,маленькие,и,большой,-
1825,авторы,большие,и,читают,+
1826,авторы,большие,и,читает,-
1767,клиенты,молодые,и,ждали,+
1768,клиенты,молодые,и,ждал,-
1801,пилоты,молодые,и,маленькие,+
1802,пилоты,молодые,и,маленький,-
1095,пилоты,говорят,и,ждали,+
1096,пилоты,говорят,и,ждал,-
1633,клиенты,маленькие,и,маленькие,+
1634,клиенты,маленькие,и,маленький,-
883,врач,большой,и,говорит,+
884,врач,большой,и,говорят,-
141,автор,ждал,и,говорит,+
142,автор,ждал,и,говорят,-
499,профессор,старый,и,маленький,+
500,профессор,старый,и,маленькие,-
1021,фермеры,говорят,и,большие,+
1022,фермеры,говорят,и,большой,-
1631,клиенты,маленькие,и,старые,+
1632,клиенты,маленькие,и,старый,-
9,автор,говорит,и,маленький,+
10,автор,говорит,и,маленькие,-
1605,сенаторы,маленькие,и,маленькие,+
1606,сенаторы,маленькие,и,маленький,-
243,офицер,ждал,и,читает,+
244,офицер,ждал,и,читают,-
1673,ученики,маленькие,и,старые,+
1674,ученики,маленькие,и,старый,-
947,офицер,большой,и,маленький,+
948,офицер,большой,и,маленькие,-
707,автор,молодой,и,старый,+
708,автор,молодой,и,старые,-
1183,сенаторы,ждали,и,старые,+
1184,сенаторы,ждали,и,старый,-
1233,пилоты,ждали,и,говорят,+
1234,пилоты,ждали,и,говорит,-
891,врач,большой,и,маленький,+
892,врач,большой,и,маленькие,-
1649,офицеры,маленькие,и,молодые,+
1650,офицеры,маленькие,и,молодой,-
497,профессор,старый,и,старый,+
498,профессор,старый,и,старые,-
1897,профессора,большие,и,старые,+
1898,профессора,большие,и,старый,-
1959,ученики,большие,и,большие,+
1960,ученики,большие,и,большой,-
967,ученик,большой,и,говорит,+
968,ученик,большой,и,говорят,-
245,офицер,ждал,и,старый,+
246,офицер,ждал,и,старые,-
801,офицер,молодой,и,ждал,+
802,офицер,молодой,и,ждали,-
277,ученик,ждал,и,молодой,+
278,ученик,ждал,и,молодые,-
1827,авторы,большие,и,старые,+
1828,авторы,большие,и,старый,-
281,автор,читает,и,говорит,+
282,автор,читает,и,говорят,-
1371,офицеры,читают,и,большие,+
1372,офицеры,читают,и,большой,-
1635,клиенты,маленькие,и,молодые,+
1636,клиенты,маленькие,и,молодой,-
55,врач,говорит,и,большой,+
56,врач,говорит,и,большие,-
1571,фермеры,маленькие,и,ждали,+
1572,фермеры,маленькие,и,ждал,-
1037,сенаторы,говорят,и,говорят,+
1038,сенаторы,говорят,и,говорит,-
1365,офицеры,читают,и,старые,+
1366,офицеры,читают,и,старый,-
197,сенатор,ждал,и,говорит,+
198,сенатор,ждал,и,говорят,-
867,режиссёр,большой,и,большой,+
868,режиссёр,большой,и,большие,-
1637,клиенты,маленькие,и,большие,+
1638,клиенты,маленькие,и,большой,-
1035,врачи,говорят,и,большие,+
1036,врачи,говорят,и,большой,-
1497,клиенты,старые,и,большие,+
1498,клиенты,старые,и,большой,-
1551,авторы,маленькие,и,молодые,+
1552,авторы,маленькие,и,молодой,-
1125,авторы,ждали,и,читают,+
1126,авторы,ждали,и,читает,-
1387,ученики,читают,и,говорят,+
1388,ученики,читают,и,говорит,-
483,сенатор,старый,и,старый,+
484,сенатор,старый,и,старые,-
123,пилот,говорит,и,молодой,+
124,пилот,говорит,и,молодые,-
1531,ученики,старые,и,читают,+
1532,ученики,старые,и,читает,-
343,сенатор,читает,и,старый,+
344,сенатор,читает,и,старые,-
347,сенатор,читает,и,молодой,+
348,сенатор,читает,и,молодые,-
1517,пилоты,старые,и,читают,+
1518,пилоты,старые,и,читает,-
551,ученик,старый,и,читает,+
552,ученик,старый,и,читают,-
629,сенатор,маленький,и,большой,+
630,сенатор,маленький,и,большие,-
1191,профессора,ждали,и,говорят,+
1192,профессора,ждали,и,говорит,-
1311,врачи,читают,и,маленькие,+
1312,врачи,читают,и,маленький,-
1203,профессора,ждали,и,большие,+
1204,профессора,ждали,и,большой,-
23,режиссёр,говорит,и,маленький,+
24,режиссёр,говорит,и,маленькие,-
741,фермер,молодой,и,большой,+
742,фермер,молодой,и,большие,-
1235,пилоты,ждали,и,ждали,+
1236,пилоты,ждали,и,ждал,-
151,автор,ждал,и,молодой,+
152,автор,ждал,и,молодые,-
1923,офицеры,большие,и,читают,+
1924,офицеры,большие,и,читает,-
237,клиент,ждал,и,большой,+
238,клиент,ждал,и,большие,-
419,ученик,читает,и,большой,+
420,ученик,читает,и,большие,-
1739,сенаторы,молодые,и,ждали,+
1740,сенаторы,молодые,и,ждал,-
1211,клиенты,ждали,и,старые,+
1212,клиенты,ждали,и,старый,-
1209,клиенты,ждали,и,читают,+
1210,клиенты,ждали,и,читает,-
689,ученик,маленький,и,ждал,+
690,ученик,маленький,и,ждали,-
573,автор,маленький,и,большой,+
574,автор,маленький,и,большие,-
1015,фермеры,говорят,и,старые,+
1016,фермеры,говорят,и,старый,-
1461,сенаторы,старые,и,читают,+
1462,сенаторы,старые,и,читает,-
537,пилот,старый,и,читает,+
538,пилот,старый,и,читают,-
445,режиссёр,старый,и,молодой,+
446,режиссёр,старый,и,молодые,-
1813,ученики,молодые,и,старые,+
1814,ученики,молодые,и,старый,-
711,автор,молодой,и,молодой,+
712,автор,молодой,и,молодые,-
1269,авторы,читают,и,маленькие,+
1270,авторы,читают,и,маленький,-
1639,офицеры,маленькие,и,говорят,+
1640,офицеры,маленькие,и,говорит,-
649,клиент,маленький,и,читает,+
650,клиент,маленький,и,читают,-
1579,фермеры,маленькие,и,молодые,+
1580,фермеры,маленькие,и,молодой,-
1367,офицеры,читают,и,маленькие,+
1368,офицеры,читают,и,маленький,-
27,режиссёр,говорит,и,большой,+
28,режиссёр,говорит,и,большие,-
1919,офицеры,большие,и,говорят,+
1920,офицеры,большие,и,говорит,-
997,режиссёры,говорят,и,ждали,+
998,режиссёры,говорят,и,ждал,-
1429,фермеры,старые,и,говорят,+
1430,фермеры,старые,и,говорит,-
907,сенатор,большой,и,молодой,+
908,сенатор,большой,и,молодые,-
1657,пилоты,маленькие,и,читают,+
1658,пилоты,маленькие,и,читает,-
239,офицер,ждал,и,говорит,+
240,офицер,ждал,и,говорят,-
1687,авторы,молодые,и,старые,+
1688,авторы,молодые,и,старый,-
211,профессор,ждал,и,говорит,+
212,профессор,ждал,и,говорят,-
411,ученик,читает,и,читает,+
412,ученик,читает,и,читают,-
1589,врачи,маленькие,и,старые,+
1590,врачи,маленькие,и,старый,-
813,пилот,молодой,и,говорит,+
814,пилот,молодой,и,говорят,-
1481,профессора,старые,и,молодые,+
1482,профессора,старые,и,молодой,-
1493,клиенты,старые,и,маленькие,+
1494,клиенты,старые,и,маленький,-
455,фермер,старый,и,старый,+
456,фермер,старый,и,старые,-
401,пилот,читает,и,маленький,+
402,пилот,читает,и,маленькие,-
831,ученик,молодой,и,читает,+
832,ученик,молодой,и,читают,-
1509,офицеры,старые,и,молодые,+
1510,офицеры,старые,и,молодой,-
41,фермер,говорит,и,большой,+
42,фермер,говорит,и,большие,-
251,офицер,ждал,и,большой,+
252,офицер,ждал,и,большие,-
833,ученик,молодой,и,старый,+
834,ученик,молодой,и,старые,-
1075,клиенты,говорят,и,молодые,+
1076,клиенты,говорят,и,молодой,-
777,профессор,молодой,и,старый,+
778,профессор,молодой,и,старые,-
1155,фермеры,ждали,и,старые,+
1156,фермеры,ждали,и,старый,-
1029,врачи,говорят,и,старые,+
1030,врачи,говорят,и,старый,-
431,автор,старый,и,молодой,+
432,автор,старый,и,молодые,-
1059,профессора,говорят,и,маленькие,+
1060,профессора,говорят,и,маленький,-
1381,пилоты,читают,и,маленькие,+
1382,пилоты,читают,и,маленький,-
673,пилот,маленький,и,говорит,+
674,пилот,маленький,и,говорят,-
145,автор,ждал,и,читает,+
146,автор,ждал,и,читают,-
1315,врачи,читают,и,большие,+
1316,врачи,читают,и,большой,-
427,автор,старый,и,старый,+
428,автор,старый,и,старые,-
1599,сенаторы,маленькие,и,ждали,+
1600,сенаторы,маленькие,и,ждал,-
1447,врачи,старые,и,читают,+
1448,врачи,старые,и,читает,-
621,сенатор,маленький,и,читает,+
622,сенатор,маленький,и,читают,-
1141,режиссёры,ждали,и,старые,+
1142,режиссёры,ждали,и,старый,-
1123,авторы,ждали,и,ждали,+
1124,авторы,ждали,и,ждал,-
667,офицер,маленький,и,маленький,+
668,офицер,маленький,и,маленькие,-
121,пилот,говорит,и,маленький,+
122,пилот,говорит,и,маленькие,-
1817,ученики,молодые,и,молодые,+
1818,ученики,молодые,и,молодой,-
1077,клиенты,говорят,и,большие,+
1078,клиенты,говорят,и,большой,-
1609,сенаторы,маленькие,и,большие,+
1610,сенаторы,маленькие,и,большой,-
465,врач,старый,и,ждал,+
466,врач,старый,и,ждали,-
1003,режиссёры,говорят,и,маленькие,+
1004,режиссёры,говорят,и,маленький,-
1273,авторы,читают,и,большие,+
1274,авторы,читают,и,большой,-
91,клиент,говорит,и,старый,+
92,клиент,говорит,и,старые,-
1593,врачи,маленькие,и,молодые,+
1594,врачи,маленькие,и,молодой,-
329,врач,читает,и,старый,+
330,врач,читает,и,старые,-
1375,пилоты,читают,и,ждали,+
1376,пилоты,читают,и,ждал,-
1833,авторы,большие,и,большие,+
1834,авторы,большие,и,большой,-
283,автор,читает,и,ждал,+
284,автор,читает,и,ждали,-
501,профессор,старый,и,молодой,+
502,профессор,старый,и,молодые,-
1353,клиенты,читают,и,маленькие,+
1354,клиенты,читают,и,маленький,-
1791,офицеры,молодые,и,большие,+
1792,офицеры,молодые,и,большой,-
601,фермер,маленький,и,большой,+
602,фермер,маленький,и,большие,-
25,режиссёр,говорит,и,молодой,+
26,режиссёр,говорит,и,молодые,-
913,профессор,большой,и,ждал,+
914,профессор,большой,и,ждали,-
1443,врачи,старые,и,говорят,+
1444,врачи,старые,и,говорит,-
1391,ученики,читают,и,читают,+
1392,ученики,читают,и,читает,-
377,клиент,читает,и,большой,+
378,клиент,читает,и,большие,-
1019,фермеры,говорят,и,молодые,+
1020,фермеры,говорят,и,молодой,-
1861,фермеры,большие,и,большие,+
1862,фермеры,большие,и,большой,-
1775,клиенты,молодые,и,молодые,+
1776,клиенты,молодые,и,молодой,-
1949,ученики,большие,и,ждали,+
1950,ученики,большие,и,ждал,-
1751,профессора,молодые,и,говорят,+
1752,профессора,молодые,и,говорит,-
571,автор,маленький,и,молодой,+
572,автор,маленький,и,молодые,-
1071,клиенты,говорят,и,старые,+
1072,клиенты,говорят,и,старый,-
941,офицер,большой,и,ждал,+
942,офицер,большой,и,ждали,-
493,профессор,старый,и,ждал,+
494,профессор,старый,и,ждали,-
371,клиент,читает,и,старый,+
372,клиент,читает,и,старые,-
1081,офицеры,говорят,и,ждали,+
1082,офицеры,говорят,и,ждал,-
1369,офицеры,читают,и,молодые,+
1370,офицеры,читают,и,молодой,-
685,пилот,маленький,и,большой,+
686,пилот,маленький,и,большие,-
1153,фермеры,ждали,и,читают,+
1154,фермеры,ждали,и,читает,-
623,сенатор,маленький,и,старый,+
624,сенатор,маленький,и,старые,-
1355,клиенты,читают,и,молодые,+
1356,клиенты,читают,и,молодой,-
489,сенатор,старый,и,большой,+
490,сенатор,старый,и,большие,-
1655,пилоты,маленькие,и,ждали,+
1656,пилоты,маленькие,и,ждал,-
1217,клиенты,ждали,и,большие,+
1218,клиенты,ждали,и,большой,-
315,фермер,читает,и,старый,+
316,фермер,читает,и,старые,-
1249,ученики,ждали,и,ждали,+
1250,ученики,ждали,и,ждал,-
303,режиссёр,читает,и,маленький,+
304,режиссёр,читает,и,маленькие,-
1151,фермеры,ждали,и,ждали,+
1152,фермеры,ждали,и,ждал,-
1101,пилоты,говорят,и,маленькие,+
1102,пилоты,говорят,и,маленький,-
467,врач,старый,и,читает,+
468,врач,старый,и,читают,-
1641,офицеры,маленькие,и,ждали,+
1642,офицеры,маленькие,и,ждал,-
727,режиссёр,молодой,и,большой,+
728,режиссёр,молодой,и,большие,-
1607,сенаторы,маленькие,и,молодые,+
1608,сенаторы,маленькие,и,молодой,-
1253,ученики,ждали,и,старые,+
1254,ученики,ждали,и,старый,-
1413,авторы,старые,и,большие,+
1414,авторы,старые,и,большой,-
337,сенатор,читает,и,говорит,+
338,сенатор,читает,и,говорят,-
511,клиент,старый,и,старый,+
512,клиент,старый,и,старые,-
1613,профессора,маленькие,и,ждали,+
1614,профессора,маленькие,и,ждал,-
1409,авторы,старые,и,маленькие,+
1410,авторы,старые,и,маленький,-
1837,режиссёры,большие,и,ждали,+
1838,режиссёры,большие,и,ждал,-
1665,пилоты,маленькие,и,большие,+
1666,пилоты,маленькие,и,большой,-
369,клиент,читает,и,читает,+
370,клиент,читает,и,читают,-
1577,фермеры,маленькие,и,маленькие,+
1578,фермеры,маленькие,и,маленький,-
1821,авторы,большие,и,говорят,+
1822,авторы,большие,и,говорит,-
1945,пилоты,большие,и,большие,+
1946,пилоты,большие,и,большой,-
1515,пилоты,старые,и,ждали,+
1516,пилоты,старые,и,ждал,-
255,пилот,ждал,и,ждал,+
256,пилот,ждал,и,ждали,-
177,фермер,ждал,и,маленький,+
178,фермер,ждал,и,маленькие,-
643,профессор,маленький,и,большой,+
644,профессор,маленький,и,большие,-
405,пилот,читает,и,большой,+
406,пилот,читает,и,большие,-
1405,авторы,старые,и,читают,+
1406,авторы,старые,и,читает,-
15,режиссёр,говорит,и,говорит,+
16,режиссёр,говорит,и,говорят,-
1241,пилоты,ждали,и,маленькие,+
1242,пилоты,ждали,и,маленький,-
1379,пилоты,читают,и,старые,+
1380,пилоты,читают,и,старый,-
77,профессор,говорит,и,старый,+
78,профессор,говорит,и,старые,-
1667,ученики,маленькие,и,говорят,+
1668,ученики,маленькие,и,говорит,-
985,авторы,говорят,и,читают,+
986,авторы,говорят,и,читает,-
691,ученик,маленький,и,читает,+
692,ученик,маленький,и,читают,-
1697,режиссёры,молодые,и,ждали,+
1698,режиссёры,молодые,и,ждал,-
1043,сенаторы,говорят,и,старые,+
1044,сенаторы,говорят,и,старый,-
761,сенатор,молодой,и,читает,+
762,сенатор,молодой,и,читают,-
423,автор,старый,и,ждал,+
424,автор,старый,и,ждали,-
1645,офицеры,маленькие,и,старые,+
1646,офицеры,маленькие,и,старый,-
1757,профессора,молодые,и,старые,+
1758,профессора,молодые,и,старый,-
597,фермер,маленький,и,маленький,+
598,фермер,маленький,и,маленькие,-
839,ученик,молодой,и,большой,+
840,ученик,молодой,и,большие,-
975,ученик,большой,и,маленький,+
976,ученик,большой,и,маленькие,-
1091,офицеры,говорят,и,большие,+
1092,офицеры,говорят,и,большой,-
897,сенатор,большой,и,говорит,+
898,сенатор,большой,и,говорят,-
1527,ученики,старые,и,говорят,+
1528,ученики,старые,и,говорит,-
765,сенатор,молодой,и,маленький,+
766,сенатор,молодой,и,маленькие,-
1017,фермеры,говорят,и,маленькие,+
1018,фермеры,говорят,и,маленький,-
567,автор,маленький,и,старый,+
568,автор,маленький,и,старые,-
1201,профессора,ждали,и,молодые,+
1202,профессора,ждали,и,молодой,-
583,режиссёр,маленький,и,маленький,+
584,режиссёр,маленький,и,маленькие,-
1097,пилоты,говорят,и,читают,+
1098,пилоты,говорят,и,читает,-
1565,режиссёры,маленькие,и,молодые,+
1566,режиссёры,маленькие,и,молодой,-
1847,режиссёры,большие,и,большие,+
1848,режиссёры,большие,и,большой,-
1239,пилоты,ждали,и,старые,+
1240,пилоты,ждали,и,старый,-
1323,сенаторы,читают,и,старые,+
1324,сенаторы,читают,и,старый,-
1503,офицеры,старые,и,читают,+
1504,офицеры,старые,и,читает,-
953,пилот,большой,и,говорит,+
954,пилот,большой,и,говорят,-
753,врач,молодой,и,молодой,+
754,врач,молодой,и,молодые,-
1871,врачи,большие,и,маленькие,+
1872,врачи,большие,и,маленький,-
735,фермер,молодой,и,старый,+
736,фермер,молодой,и,старые,-
51,врач,говорит,и,маленький,+
52,врач,говорит,и,маленькие,-
19,режиссёр,говорит,и,читает,+
20,режиссёр,говорит,и,читают,-
313,фермер,читает,и,читает,+
314,фермер,читает,и,читают,-
1939,пилоты,большие,и,старые,+
1940,пилоты,большие,и,старый,-
1275,режиссёры,читают,и,говорят,+
1276,режиссёры,читают,и,говорит,-
1197,профессора,ждали,и,старые,+
1198,профессора,ждали,и,старый,-
737,фермер,молодой,и,маленький,+
738,фермер,молодой,и,маленькие,-
1299,фермеры,читают,и,молодые,+
1300,фермеры,читают,и,молодой,-
1521,пилоты,старые,и,маленькие,+
1522,пилоты,старые,и,маленький,-
871,фермер,большой,и,ждал,+
872,фермер,большой,и,ждали,-
3,автор,говорит,и,ждал,+
4,автор,говорит,и,ждали,-
733,фермер,молодой,и,читает,+
734,фермер,молодой,и,читают,-
1929,офицеры,большие,и,молодые,+
1930,офицеры,большие,и,молодой,-
745,врач,молодой,и,ждал,+
746,врач,молодой,и,ждали,-
633,профессор,маленький,и,ждал,+
634,профессор,маленький,и,ждали,-
1829,авторы,большие,и,маленькие,+
1830,авторы,большие,и,маленький,-
1237,пилоты,ждали,и,читают,+
1238,пилоты,ждали,и,читает,-
949,офицер,большой,и,молодой,+
950,офицер,большой,и,молодые,-
539,пилот,старый,и,старый,+
540,пилот,старый,и,старые,-
215,профессор,ждал,и,читает,+
216,профессор,ждал,и,читают,-
1947,ученики,большие,и,говорят,+
1948,ученики,большие,и,говорит,-
909,сенатор,большой,и,большой,+
910,сенатор,большой,и,большие,-
513,клиент,старый,и,маленький,+
514,клиент,старый,и,маленькие,-
1679,ученики,маленькие,и,большие,+
1680,ученики,маленькие,и,большой,-
271,ученик,ждал,и,читает,+
272,ученик,ждал,и,читают,-
729,фермер,молодой,и,говорит,+
730,фермер,молодой,и,говорят,-
1709,фермеры,молодые,и,говорят,+
1710,фермеры,молодые,и,говорит,-
979,ученик,большой,и,большой,+
980,ученик,большой,и,большие,-
1943,пилоты,большие,и,молодые,+
1944,пилоты,большие,и,молодой,-
263,пилот,ждал,и,молодой,+
264,пилот,ждал,и,молодые,-
397,пилот,читает,и,читает,+
398,пилот,читает,и,читают,-
847,автор,большой,и,старый,+
848,автор,большой,и,старые,-
205,сенатор,ждал,и,маленький,+
206,сенатор,ждал,и,маленькие,-
1137,режиссёры,ждали,и,ждали,+
1138,режиссёры,ждали,и,ждал,-
1449,врачи,старые,и,старые,+
1450,врачи,старые,и,старый,-
697,ученик,маленький,и,молодой,+
698,ученик,маленький,и,молодые,-
1335,профессора,читают,и,читают,+
1336,профессора,читают,и,читает,-
1437,фермеры,старые,и,маленькие,+
1438,фермеры,старые,и,маленький,-
1383,пилоты,читают,и,молодые,+
1384,пилоты,читают,и,молодой,-
637,профессор,маленький,и,старый,+
638,профессор,маленький,и,старые,-
987,авторы,говорят,и,старые,+
988,авторы,говорят,и,старый,-
319,фермер,читает,и,молодой,+
320,фермер,читает,и,молодые,-
1069,клиенты,говорят,и,читают,+
1070,клиенты,говорят,и,читает,-
1543,авторы,маленькие,и,ждали,+
1544,авторы,маленькие,и,ждал,-
1359,офицеры,читают,и,говорят,+
1360,офицеры,читают,и,говорит,-
905,сенатор,большой,и,маленький,+
906,сенатор,большой,и,маленькие,-
965,пилот,большой,и,большой,+
966,пилот,большой,и,большие,-
169,фермер,ждал,и,говорит,+
170,фермер,ждал,и,говорят,-
1533,ученики,старые,и,старые,+
1534,ученики,старые,и,старый,-
485,сенатор,старый,и,маленький,+
486,сенатор,старый,и,маленькие,-
1495,клиенты,старые,и,молодые,+
1496,клиенты,старые,и,молодой,-
609,врач,маленький,и,старый,+
610,врач,маленький,и,старые,-
435,режиссёр,старый,и,говорит,+
436,режиссёр,старый,и,говорят,-
1685,авторы,молодые,и,читают,+
1686,авторы,молодые,и,читает,-
1161,фермеры,ждали,и,большие,+
1162,фермеры,ждали,и,большой,-
1597,сенаторы,маленькие,и,говорят,+
1598,сенаторы,маленькие,и,говорит,-
119,пилот,говорит,и,старый,+
120,пилот,говорит,и,старые,-
1119,ученики,говорят,и,большие,+
1120,ученики,говорят,и,большой,-
1411,авторы,старые,и,молодые,+
1412,авторы,старые,и,молодой,-
705,автор,молодой,и,читает,+
706,автор,молодой,и,читают,-
1351,клиенты,читают,и,старые,+
1352,клиенты,читают,и,старый,-
1175,врачи,ждали,и,большие,+
1176,врачи,ждали,и,большой,-
669,офицер,маленький,и,молодой,+
670,офицер,маленький,и,молодые,-
399,пилот,читает,и,старый,+
400,пилот,читает,и,старые,-
1625,клиенты,маленькие,и,говорят,+
1626,клиенты,маленькие,и,говорит,-
535,пилот,старый,и,ждал,+
536,пилот,старый,и,ждали,-
1585,врачи,маленькие,и,ждали,+
1586,врачи,маленькие,и,ждал,-
977,ученик,большой,и,молодой,+
978,ученик,большой,и,молодые,-
1467,сенаторы,старые,и,молодые,+
1468,сенаторы,старые,и,молодой,-
159,режиссёр,ждал,и,читает,+
160,режиссёр,ждал,и,читают,-
889,врач,большой,и,старый,+
890,врач,большой,и,старые,-
1487,клиенты,старые,и,ждали,+
1488,клиенты,старые,и,ждал,-
771,профессор,молодой,и,говорит,+
772,профессор,молодой,и,говорят,-
1809,ученики,молодые,и,ждали,+
1810,ученики,молодые,и,ждал,-
1419,режиссёры,старые,и,читают,+
1420,режиссёры,старые,и,читает,-
1703,режиссёры,молодые,и,маленькие,+
1704,режиссёры,молодые,и,маленький,-
139,ученик,говорит,и,большой,+
140,ученик,говорит,и,большие,-
671,офицер,маленький,и,большой,+
672,офицер,маленький,и,большие,-
247,офицер,ждал,и,маленький,+
248,офицер,ждал,и,маленькие,-
1789,офицеры,молодые,и,молодые,+
1790,офицеры,молодые,и,молодой,-
459,фермер,старый,и,молодой,+
460,фермер,старый,и,молодые,-
345,сенатор,читает,и,маленький,+
346,сенатор,читает,и,маленькие,-
289,автор,читает,и,маленький,+
290,автор,читает,и,маленькие,-
85,клиент,говорит,и,говорит,+
86,клиент,говорит,и,говорят,-
1357,клиенты,читают,и,большие,+
1358,клиенты,читают,и,большой,-
1085,офицеры,говорят,и,старые,+
1086,офицеры,говорят,и,старый,-
195,врач,ждал,и,большой,+
196,врач,ждал,и,большие,-
757,сенатор,молодой,и,говорит,+
758,сенатор,молодой,и,говорят,-
865,режиссёр,большой,и,молодой,+
866,режиссёр,большой,и,молодые,-
265,пилот,ждал,и,большой,+
266,пилот,ждал,и,большие,-
851,автор,большой,и,молодой,+
852,автор,большой,и,молодые,-
743,врач,молодой,и,говорит,+
744,врач,молодой,и,говорят,-
1725,врачи,молодые,и,ждали,+
1726,врачи,молодые,и,ждал,-
1941,пилоты,большие,и,маленькие,+
1942,пилоты,большие,и,маленький,-
1067,клиенты,говорят,и,ждали,+
1068,клиенты,говорят,и,ждал,-
253,пилот,ждал,и,говорит,+
254,пилот,ждал,и,говорят,-
479,сенатор,старый,и,ждал,+
480,сенатор,старый,и,ждали,-
229,клиент,ждал,и,читает,+
230,клиент,ждал,и,читают,-
157,режиссёр,ждал,и,ждал,+
158,режиссёр,ждал,и,ждали,-
1603,сенаторы,маленькие,и,старые,+
1604,сенаторы,маленькие,и,старый,-
1039,сенаторы,говорят,и,ждали,+
1040,сенаторы,говорят,и,ждал,-
225,клиент,ждал,и,говорит,+
226,клиент,ждал,и,говорят,-
1741,сенаторы,молодые,и,читают,+
1742,сенаторы,молодые,и,читает,-
433,автор,старый,и,большой,+
434,автор,старый,и,большие,-
1911,клиенты,большие,и,старые,+
1912,клиенты,большие,и,старый,-
859,режиссёр,большой,и,читает,+
860,режиссёр,большой,и,читают,-
1343,профессора,читают,и,большие,+
1344,профессора,читают,и,большой,-
439,режиссёр,старый,и,читает,+
440,режиссёр,старый,и,читают,-
441,режиссёр,старый,и,старый,+
442,режиссёр,старый,и,старые,-
1535,ученики,старые,и,маленькие,+
1536,ученики,старые,и,маленький,-
183,врач,ждал,и,говорит,+
184,врач,ждал,и,говорят,-
791,клиент,молодой,и,старый,+
792,клиент,молодой,и,старые,-
751,врач,молодой,и,маленький,+
752,врач,молодой,и,маленькие,-
487,сенатор,старый,и,молодой,+
488,сенатор,старый,и,молодые,-
1289,фермеры,читают,и,говорят,+
1290,фермеры,читают,и,говорит,-
1229,офицеры,ждали,и,молодые,+
1230,офицеры,ждали,и,молодой,-
1079,офицеры,говорят,и,говорят,+
1080,офицеры,говорят,и,говорит,-
587,режиссёр,маленький,и,большой,+
588,режиссёр,маленький,и,большие,-
1819,ученики,молодые,и,большие,+
1820,ученики,молодые,и,большой,-
925,клиент,большой,и,говорит,+
926,клиент,большой,и,говорят,-
129,ученик,говорит,и,ждал,+
130,ученик,говорит,и,ждали,-
1473,профессора,старые,и,ждали,+
1474,профессора,старые,и,ждал,-
1053,профессора,говорят,и,ждали,+
1054,профессора,говорят,и,ждал,-
1001,режиссёры,говорят,и,старые,+
1002,режиссёры,говорят,и,старый,-
63,сенатор,говорит,и,старый,+
64,сенатор,говорит,и,старые,-
517,клиент,старый,и,большой,+
518,клиент,старый,и,большие,-
1049,сенаторы,говорят,и,большие,+
1050,сенаторы,говорят,и,большой,-
1417,режиссёры,старые,и,ждали,+
1418,режиссёры,старые,и,ждал,-
1469,сенаторы,старые,и,большие,+
1470,сенаторы,старые,и,большой,-
783,профессор,молодой,и,большой,+
784,профессор,молодой,и,большие,-
135,ученик,говорит,и,маленький,+
136,ученик,говорит,и,маленькие,-
861,режиссёр,большой,и,старый,+
862,режиссёр,большой,и,старые,-
311,фермер,читает,и,ждал,+
312,фермер,читает,и,ждали,-
653,клиент,маленький,и,маленький,+
654,клиент,маленький,и,маленькие,-
1479,профессора,старые,и,маленькие,+
1480,профессора,старые,и,маленький,-
1953,ученики,большие,и,старые,+
1954,ученики,большие,и,старый,-
373,клиент,читает,и,маленький,+
374,клиент,читает,и,маленькие,-
109,офицер,говорит,и,молодой,+
110,офицер,говорит,и,молодые,-
873,фермер,большой,и,читает,+
874,фермер,большой,и,читают,-
849,автор,большой,и,маленький,+
850,автор,большой,и,маленькие,-
1933,пилоты,большие,и,говорят,+
1934,пилоты,большие,и,говорит,-
755,врач,молодой,и,большой,+
756,врач,молодой,и,большие,-
555,ученик,старый,и,маленький,+
556,ученик,старый,и,маленькие,-
1661,пилоты,маленькие,и,маленькие,+
1662,пилоты,маленькие,и,маленький,-
1143,режиссёры,ждали,и,маленькие,+
1144,режиссёры,ждали,и,маленький,-
1219,офицеры,ждали,и,говорят,+
1220,офицеры,ждали,и,говорит,-
1761,профессора,молодые,и,молодые,+
1762,профессора,молодые,и,молодой,-
1177,сенаторы,ждали,и,говорят,+
1178,сенаторы,ждали,и,говорит,-
185,врач,ждал,и,ждал,+
186,врач,ждал,и,ждали,-
223,профессор,ждал,и,большой,+
224,профессор,ждал,и,большие,-
1717,фермеры,молодые,и,маленькие,+
1718,фермеры,молодые,и,маленький,-
1699,режиссёры,молодые,и,читают,+
1700,режиссёры,молодые,и,читает,-
993,авторы,говорят,и,большие,+
994,авторы,говорят,и,большой,-
179,фермер,ждал,и,молодой,+
180,фермер,ждал,и,молодые,-
1103,пилоты,говорят,и,молодые,+
1104,пилоты,говорят,и,молодой,-
989,авторы,говорят,и,маленькие,+
990,авторы,говорят,и,маленький,-
1623,профессора,маленькие,и,большие,+
1624,профессора,маленькие,и,большой,-
923,профессор,большой,и,большой,+
924,профессор,большой,и,большие,-
1803,пилоты,молодые,и,молодые,+
1804,пилоты,молодые,и,молодой,-
895,врач,большой,и,большой,+
896,врач,большой,и,большие,-
1245,пилоты,ждали,и,большие,+
1246,пилоты,ждали,и,большой,-
81,профессор,говорит,и,молодой,+
82,профессор,говорит,и,молодые,-
603,врач,маленький,и,говорит,+
604,врач,маленький,и,говорят,-
1839,режиссёры,большие,и,читают,+
1840,режиссёры,большие,и,читает,-
181,фермер,ждал,и,большой,+
182,фермер,ждал,и,большие,-
131,ученик,говорит,и,читает,+
132,ученик,говорит,и,читают,-
39,фермер,говорит,и,молодой,+
40,фермер,говорит,и,молодые,-
477,сенатор,старый,и,говорит,+
478,сенатор,старый,и,говорят,-
111,офицер,говорит,и,большой,+
112,офицер,говорит,и,большие,-
1557,режиссёры,маленькие,и,ждали,+
1558,режиссёры,маленькие,и,ждал,-
1925,офицеры,большие,и,старые,+
1926,офицеры,большие,и,старый,-
1045,сенаторы,говорят,и,маленькие,+
1046,сенаторы,говорят,и,маленький,-
125,пилот,говорит,и,большой,+
126,пилот,говорит,и,большие,-
1863,врачи,большие,и,говорят,+
1864,врачи,большие,и,говорит,-
635,профессор,маленький,и,читает,+
636,профессор,маленький,и,читают,-
1231,офицеры,ждали,и,большие,+
1232,офицеры,ждали,и,большой,-
1145,режиссёры,ждали,и,молодые,+
1146,режиссёры,ждали,и,молодой,-
559,ученик,старый,и,большой,+
560,ученик,старый,и,большие,-
1169,врачи,ждали,и,старые,+
1170,врачи,ждали,и,старый,-
115,пилот,говорит,и,ждал,+
116,пилот,говорит,и,ждали,-
87,клиент,говорит,и,ждал,+
88,клиент,говорит,и,ждали,-
437,режиссёр,старый,и,ждал,+
438,режиссёр,старый,и,ждали,-
1041,сенаторы,говорят,и,читают,+
1042,сенаторы,говорят,и,читает,-
1223,офицеры,ждали,и,читают,+
1224,офицеры,ждали,и,читает,-
207,сенатор,ждал,и,молодой,+
208,сенатор,ждал,и,молодые,-
403,пилот,читает,и,молодой,+
404,пилот,читает,и,молодые,-
1111,ученики,говорят,и,читают,+
1112,ученики,говорят,и,читает,-
425,автор,старый,и,читает,+
426,автор,старый,и,читают,-
1835,режиссёры,большие,и,говорят,+
1836,режиссёры,большие,и,говорит,-
843,автор,большой,и,ждал,+
844,автор,большой,и,ждали,-
261,пилот,ждал,и,маленький,+
262,пилот,ждал,и,маленькие,-
417,ученик,читает,и,молодой,+
418,ученик,читает,и,молодые,-
863,режиссёр,большой,и,маленький,+
864,режиссёр,большой,и,маленькие,-
213,профессор,ждал,и,ждал,+
214,профессор,ждал,и,ждали,-
189,врач,ждал,и,старый,+
190,врач,ждал,и,старые,-
937,клиент,большой,и,большой,+
938,клиент,большой,и,большие,-
509,клиент,старый,и,читает,+
510,клиент,старый,и,читают,-
1853,фермеры,большие,и,читают,+
1854,фермеры,большие,и,читает,-
1537,ученики,старые,и,молодые,+
1538,ученики,старые,и,молодой,-
607,врач,маленький,и,читает,+
608,врач,маленький,и,читают,-
349,сенатор,читает,и,большой,+
350,сенатор,читает,и,большие,-
1857,фермеры,большие,и,маленькие,+
1858,фермеры,большие,и,маленький,-
739,фермер,молодой,и,молодой,+
740,фермер,молодой,и,молодые,-
963,пилот,большой,и,молодой,+
964,пилот,большой,и,молодые,-
1025,врачи,говорят,и,ждали,+
1026,врачи,говорят,и,ждал,-
1063,профессора,говорят,и,большие,+
1064,профессора,говорят,и,большой,-
1309,врачи,читают,и,старые,+
1310,врачи,читают,и,старый,-
731,фермер,молодой,и,ждал,+
732,фермер,молодой,и,ждали,-
841,автор,большой,и,говорит,+
842,автор,большой,и,говорят,-
321,фермер,читает,и,большой,+
322,фермер,читает,и,большие,-
297,режиссёр,читает,и,ждал,+
298,режиссёр,читает,и,ждали,-
1327,сенаторы,читают,и,молодые,+
1328,сенаторы,читают,и,молодой,-
1529,ученики,старые,и,ждали,+
1530,ученики,старые,и,ждал,-
679,пилот,маленький,и,старый,+
680,пилот,маленький,и,старые,-
367,клиент,читает,и,ждал,+
368,клиент,читает,и,ждали,-
1027,врачи,говорят,и,читают,+
1028,врачи,говорят,и,читает,-
929,клиент,большой,и,читает,+
930,клиент,большой,и,читают,-
543,пилот,старый,и,молодой,+
544,пилот,старый,и,молодые,-
1321,сенаторы,читают,и,читают,+
1322,сенаторы,читают,и,читает,-
1927,офицеры,большие,и,маленькие,+
1928,офицеры,большие,и,маленький,-
1139,режиссёры,ждали,и,читают,+
1140,режиссёры,ждали,и,читает,-
325,врач,читает,и,ждал,+
326,врач,читает,и,ждали,-
1295,фермеры,читают,и,старые,+
1296,фермеры,читают,и,старый,-
811,офицер,молодой,и,большой,+
812,офицер,молодой,и,большие,-
1407,авторы,старые,и,старые,+
1408,авторы,старые,и,старый,-
991,авторы,говорят,и,молодые,+
992,авторы,говорят,и,молодой,-
217,профессор,ждал,и,старый,+
218,профессор,ждал,и,старые,-
331,врач,читает,и,маленький,+
332,врач,читает,и,маленькие,-
1135,режиссёры,ждали,и,говорят,+
1136,режиссёры,ждали,и,говорит,-
1951,ученики,большие,и,читают,+
1952,ученики,большие,и,читает,-
881,фермер,большой,и,большой,+
882,фермер,большой,и,большие,-
661,офицер,маленький,и,ждал,+
662,офицер,маленький,и,ждали,-
1179,сенаторы,ждали,и,ждали,+
1180,сенаторы,ждали,и,ждал,-
443,режиссёр,старый,и,маленький,+
444,режиссёр,старый,и,маленькие,-
1601,сенаторы,маленькие,и,читают,+
1602,сенаторы,маленькие,и,читает,-
301,режиссёр,читает,и,старый,+
302,режиссёр,читает,и,старые,-
775,профессор,молодой,и,читает,+
776,профессор,молодой,и,читают,-
613,врач,маленький,и,молодой,+
614,врач,маленький,и,молодые,-
1583,врачи,маленькие,и,говорят,+
1584,врачи,маленькие,и,говорит,-
1247,ученики,ждали,и,говорят,+
1248,ученики,ждали,и,говорит,-
1797,пилоты,молодые,и,читают,+
1798,пилоты,молодые,и,читает,-
1887,сенаторы,большие,и,молодые,+
1888,сенаторы,большие,и,молодой,-
885,врач,большой,и,ждал,+
886,врач,большой,и,ждали,-
1793,пилоты,молодые,и,говорят,+
1794,пилоты,молодые,и,говорит,-
99,офицер,говорит,и,говорит,+
100,офицер,говорит,и,говорят,-
1765,клиенты,молодые,и,говорят,+
1766,клиенты,молодые,и,говорит,-
1349,клиенты,читают,и,читают,+
1350,клиенты,читают,и,читает,-
447,режиссёр,старый,и,большой,+
448,режиссёр,старый,и,большие,-
1445,врачи,старые,и,ждали,+
1446,врачи,старые,и,ждал,-
1831,авторы,большие,и,молодые,+
1832,авторы,большие,и,молодой,-
165,режиссёр,ждал,и,молодой,+
166,режиссёр,ждал,и,молодые,-
901,сенатор,большой,и,читает,+
902,сенатор,большой,и,читают,-
257,пилот,ждал,и,читает,+
258,пилот,ждал,и,читают,-
1499,офицеры,старые,и,говорят,+
1500,офицеры,старые,и,говорит,-
93,клиент,говорит,и,маленький,+
94,клиент,говорит,и,маленькие,-
561,автор,маленький,и,говорит,+
562,автор,маленький,и,говорят,-
1501,офицеры,старые,и,ждали,+
1502,офицеры,старые,и,ждал,-
107,офицер,говорит,и,маленький,+
108,офицер,говорит,и,маленькие,-
589,фермер,маленький,и,говорит,+
590,фермер,маленький,и,говорят,-
599,фермер,маленький,и,молодой,+
600,фермер,маленький,и,молодые,-
595,фермер,маленький,и,старый,+
596,фермер,маленький,и,старые,-
391,офицер,читает,и,большой,+
392,офицер,читает,и,большие,-
33,фермер,говорит,и,читает,+
34,фермер,говорит,и,читают,-
915,профессор,большой,и,читает,+
916,профессор,большой,и,читают,-
709,автор,молодой,и,маленький,+
710,автор,молодой,и,маленькие,-
335,врач,читает,и,большой,+
336,врач,читает,и,большие,-
1185,сенаторы,ждали,и,маленькие,+
1186,сенаторы,ждали,и,маленький,-
17,режиссёр,говорит,и,ждал,+
18,режиссёр,говорит,и,ждали,-
769,сенатор,молодой,и,большой,+
770,сенатор,молодой,и,большие,-
173,фермер,ждал,и,читает,+
174,фермер,ждал,и,читают,-
521,офицер,старый,и,ждал,+
522,офицер,старый,и,ждали,-
1575,фермеры,маленькие,и,старые,+
1576,фермеры,маленькие,и,старый,-
149,автор,ждал,и,маленький,+
150,автор,ждал,и,маленькие,-
1865,врачи,большие,и,ждали,+
1866,врачи,большие,и,ждал,-
353,профессор,читает,и,ждал,+
354,профессор,читает,и,ждали,-
665,офицер,маленький,и,старый,+
666,офицер,маленький,и,старые,-
983,авторы,говорят,и,ждали,+
984,авторы,говорят,и,ждал,-
71,профессор,говорит,и,говорит,+
72,профессор,говорит,и,говорят,-
1843,режиссёры,большие,и,маленькие,+
1844,режиссёры,большие,и,маленький,-
1691,авторы,молодые,и,молодые,+
1692,авторы,молодые,и,молодой,-
275,ученик,ждал,и,маленький,+
276,ученик,ждал,и,маленькие,-
35,фермер,говорит,и,старый,+
36,фермер,говорит,и,старые,-
725,режиссёр,молодой,и,молодой,+
726,режиссёр,молодой,и,молодые,-
1619,профессора,маленькие,и,маленькие,+
1620,профессора,маленькие,и,маленький,-
1627,клиенты,маленькие,и,ждали,+
1628,клиенты,маленькие,и,ждал,-
327,врач,читает,и,читает,+
328,врач,читает,и,читают,-
13,автор,говорит,и,большой,+
14,автор,говорит,и,большие,-
1107,ученики,говорят,и,говорят,+
1108,ученики,говорят,и,говорит,-
1729,врачи,молодые,и,старые,+
1730,врачи,молодые,и,старый,-
1047,сенаторы,говорят,и,молодые,+
1048,сенаторы,говорят,и,молодой,-
1093,пилоты,говорят,и,говорят,+
1094,пилоты,говорят,и,говорит,-
505,клиент,старый,и,говорит,+
506,клиент,старый,и,говорят,-
657,клиент,маленький,и,большой,+
658,клиент,маленький,и,большие,-
799,офицер,молодой,и,говорит,+
800,офицер,молодой,и,говорят,-
429,автор,старый,и,маленький,+
430,автор,старый,и,маленькие,-
593,фермер,маленький,и,читает,+
594,фермер,маленький,и,читают,-
1743,сенаторы,молодые,и,старые,+
1744,сенаторы,молодые,и,старый,-
385,офицер,читает,и,старый,+
386,офицер,читает,и,старые,-
1549,авторы,маленькие,и,маленькие,+
1550,авторы,маленькие,и,маленький,-
647,клиент,маленький,и,ждал,+
648,клиент,маленький,и,ждали,-
355,профессор,читает,и,читает,+
356,профессор,читает,и,читают,-
1083,офицеры,говорят,и,читают,+
1084,офицеры,говорят,и,читает,-
1569,фермеры,маленькие,и,говорят,+
1570,фермеры,маленькие,и,говорит,-
933,клиент,большой,и,маленький,+
934,клиент,большой,и,маленькие,-
503,профессор,старый,и,большой,+
504,профессор,старый,и,большие,-
495,профессор,старый,и,читает,+
496,профессор,старый,и,читают,-
133,ученик,говорит,и,старый,+
134,ученик,говорит,и,старые,-
1167,врачи,ждали,и,читают,+
1168,врачи,ждали,и,читает,-
527,офицер,старый,и,маленький,+
528,офицер,старый,и,маленькие,-
1471,профессора,старые,и,говорят,+
1472,профессора,старые,и,говорит,-
1781,офицеры,молодые,и,ждали,+
1782,офицеры,молодые,и,ждал,-
65,сенатор,говорит,и,маленький,+
66,сенатор,говорит,и,маленькие,-
309,фермер,читает,и,говорит,+
310,фермер,читает,и,говорят,-
1733,врачи,молодые,и,молодые,+
1734,врачи,молодые,и,молодой,-
1615,профессора,маленькие,и,читают,+
1616,профессора,маленькие,и,читает,-
43,врач,говорит,и,говорит,+
44,врач,говорит,и,говорят,-
1465,сенаторы,старые,и,маленькие,+
1466,сенаторы,старые,и,маленький,-
1129,авторы,ждали,и,маленькие,+
1130,авторы,ждали,и,маленький,-
1163,врачи,ждали,и,говорят,+
1164,врачи,ждали,и,говорит,-
1559,режиссёры,маленькие,и,читают,+
1560,режиссёры,маленькие,и,читает,-
1099,пилоты,говорят,и,старые,+
1100,пилоты,говорят,и,старый,-
1573,фермеры,маленькие,и,читают,+
1574,фермеры,маленькие,и,читает,-
231,клиент,ждал,и,старый,+
232,клиент,ждал,и,старые,-
1187,сенаторы,ждали,и,молодые,+
1188,сенаторы,ждали,и,молодой,-
21,режиссёр,говорит,и,старый,+
22,режиссёр,говорит,и,старые,-
1213,клиенты,ждали,и,маленькие,+
1214,клиенты,ждали,и,маленький,-
339,сенатор,читает,и,ждал,+
340,сенатор,читает,и,ждали,-
945,офицер,большой,и,старый,+
946,офицер,большой,и,старые,-
1331,профессора,читают,и,говорят,+
1332,профессора,читают,и,говорит,-
1567,режиссёры,маленькие,и,большие,+
1568,режиссёры,маленькие,и,большой,-
1561,режиссёры,маленькие,и,старые,+
1562,режиссёры,маленькие,и,старый,-
1519,пилоты,старые,и,старые,+
1520,пилоты,старые,и,старый,-
651,клиент,маленький,и,старый,+
652,клиент,маленький,и,старые,-
749,врач,молодой,и,старый,+
750,врач,молодой,и,старые,-
127,ученик,говорит,и,говорит,+
128,ученик,говорит,и,говорят,-
585,режиссёр,маленький,и,молодой,+
586,режиссёр,маленький,и,молодые,-
529,офицер,старый,и,молодой,+
530,офицер,старый,и,молодые,-
615,врач,маленький,и,большой,+
616,врач,маленький,и,большие,-
409,ученик,читает,и,ждал,+
410,ученик,читает,и,ждали,-
943,офицер,большой,и,читает,+
944,офицер,большой,и,читают,-
1451,врачи,старые,и,маленькие,+
1452,врачи,старые,и,маленький,-
469,врач,старый,и,старый,+
470,врач,старый,и,старые,-
879,фермер,большой,и,молодой,+
880,фермер,большой,и,молодые,-
695,ученик,маленький,и,маленький,+
696,ученик,маленький,и,маленькие,-
797,клиент,молодой,и,большой,+
798,клиент,молодой,и,большие,-
1671,ученики,маленькие,и,читают,+
1672,ученики,маленькие,и,читает,-
1753,профессора,молодые,и,ждали,+
1754,профессора,молодые,и,ждал,-
807,офицер,молодой,и,маленький,+
808,офицер,молодой,и,маленькие,-
1023,врачи,говорят,и,говорят,+
1024,врачи,говорят,и,говорит,-
1799,пилоты,молодые,и,старые,+
1800,пилоты,молодые,и,старый,-
387,офицер,читает,и,маленький,+
388,офицер,читает,и,маленькие,-
475,врач,старый,и,большой,+
476,врач,старый,и,большие,-
1263,авторы,читают,и,ждали,+
1264,авторы,читают,и,ждал,-
1333,профессора,читают,и,ждали,+
1334,профессора,читают,и,ждал,-
1563,режиссёры,маленькие,и,маленькие,+
1564,режиссёры,маленькие,и,маленький,-
817,пилот,молодой,и,читает,+
818,пилот,молодой,и,читают,-
1293,фермеры,читают,и,читают,+
1294,фермеры,читают,и,читает,-
1891,профессора,большие,и,говорят,+
1892,профессора,большие,и,говорит,-
393,пилот,читает,и,говорит,+
394,пилот,читает,и,говорят,-
1881,сенаторы,большие,и,читают,+
1882,сенаторы,большие,и,читает,-
1629,клиенты,маленькие,и,читают,+
1630,клиенты,маленькие,и,читает,-
1339,профессора,читают,и,маленькие,+
1340,профессора,читают,и,маленький,-
333,врач,читает,и,молодой,+
334,врач,читает,и,молодые,-
803,офицер,молодой,и,читает,+
804,офицер,молодой,и,читают,-
471,врач,старый,и,маленький,+
472,врач,старый,и,маленькие,-
1385,пилоты,читают,и,большие,+
1386,пилоты,читают,и,большой,-
719,режиссёр,молодой,и,читает,+
720,режиссёр,молодой,и,читают,-
579,режиссёр,маленький,и,читает,+
580,режиссёр,маленький,и,читают,-
1899,профессора,большие,и,маленькие,+
1900,профессора,большие,и,маленький,-
1421,режиссёры,старые,и,старые,+
1422,режиссёры,старые,и,старый,-
5,автор,говорит,и,читает,+
6,автор,говорит,и,читают,-
675,пилот,маленький,и,ждал,+
676,пилот,маленький,и,ждали,-
1347,клиенты,читают,и,ждали,+
1348,клиенты,читают,и,ждал,-
1713,фермеры,молодые,и,читают,+
1714,фермеры,молодые,и,читает,-
351,профессор,читает,и,говорит,+
352,профессор,читает,и,говорят,-
1663,пилоты,маленькие,и,молодые,+
1664,пилоты,маленькие,и,молодой,-
285,автор,читает,и,читает,+
286,автор,читает,и,читают,-
627,сенатор,маленький,и,молодой,+
628,сенатор,маленький,и,молодые,-
939,офицер,большой,и,говорит,+
940,офицер,большой,и,говорят,-
767,сенатор,молодой,и,молодой,+
768,сенатор,молодой,и,молодые,-
819,пилот,молодой,и,старый,+
820,пилот,молодой,и,старые,-
971,ученик,большой,и,читает,+
972,ученик,большой,и,читают,-
1423,режиссёры,старые,и,маленькие,+
1424,режиссёры,старые,и,маленький,-
549,ученик,старый,и,ждал,+
550,ученик,старый,и,ждали,-
1759,профессора,молодые,и,маленькие,+
1760,профессора,молодые,и,маленький,-
1011,фермеры,говорят,и,ждали,+
1012,фермеры,говорят,и,ждал,-
449,фермер,старый,и,говорит,+
450,фермер,старый,и,говорят,-
747,врач,молодой,и,читает,+
748,врач,молодой,и,читают,-
569,автор,маленький,и,маленький,+
570,автор,маленький,и,маленькие,-
1651,офицеры,маленькие,и,большие,+
1652,офицеры,маленькие,и,большой,-
383,офицер,читает,и,читает,+
384,офицер,читает,и,читают,-
1,автор,говорит,и,говорит,+
2,автор,говорит,и,говорят,-
219,профессор,ждал,и,маленький,+
220,профессор,ждал,и,маленькие,-
1225,офицеры,ждали,и,старые,+
1226,офицеры,ждали,и,старый,-
1415,режиссёры,старые,и,говорят,+
1416,режиссёры,старые,и,говорит,-
163,режиссёр,ждал,и,маленький,+
164,режиссёр,ждал,и,маленькие,-
519,офицер,старый,и,говорит,+
520,офицер,старый,и,говорят,-
79,профессор,говорит,и,маленький,+
80,профессор,говорит,и,маленькие,-
37,фермер,говорит,и,маленький,+
38,фермер,говорит,и,маленькие,-
815,пилот,молодой,и,ждал,+
816,пилот,молодой,и,ждали,-
1721,фермеры,молодые,и,большие,+
1722,фермеры,молодые,и,большой,-
717,режиссёр,молодой,и,ждал,+
718,режиссёр,молодой,и,ждали,-
341,сенатор,читает,и,читает,+
342,сенатор,читает,и,читают,-
1307,врачи,читают,и,читают,+
1308,врачи,читают,и,читает,-
137,ученик,говорит,и,молодой,+
138,ученик,говорит,и,молодые,-
1747,сенаторы,молодые,и,молодые,+
1748,сенаторы,молодые,и,молодой,-
407,ученик,читает,и,говорит,+
408,ученик,читает,и,говорят,-
1507,офицеры,старые,и,маленькие,+
1508,офицеры,старые,и,маленький,-
1905,клиенты,большие,и,говорят,+
1906,клиенты,большие,и,говорит,-
931,клиент,большой,и,старый,+
932,клиент,большой,и,старые,-
53,врач,говорит,и,молодой,+
54,врач,говорит,и,молодые,-
999,режиссёры,говорят,и,читают,+
1000,режиссёры,говорят,и,читает,-
359,профессор,читает,и,маленький,+
360,профессор,читает,и,маленькие,-
789,клиент,молодой,и,читает,+
790,клиент,молодой,и,читают,-
269,ученик,ждал,и,ждал,+
270,ученик,ждал,и,ждали,-
1895,профессора,большие,и,читают,+
1896,профессора,большие,и,читает,-
1303,врачи,читают,и,говорят,+
1304,врачи,читают,и,говорит,-
619,сенатор,маленький,и,ждал,+
620,сенатор,маленький,и,ждали,-
961,пилот,большой,и,маленький,+
962,пилот,большой,и,маленькие,-
877,фермер,большой,и,маленький,+
878,фермер,большой,и,маленькие,-
1115,ученики,говорят,и,маленькие,+
1116,ученики,говорят,и,маленький,-
1361,офицеры,читают,и,ждали,+
1362,офицеры,читают,и,ждал,-
763,сенатор,молодой,и,старый,+
764,сенатор,молодой,и,старые,-
827,ученик,молодой,и,говорит,+
828,ученик,молодой,и,говорят,-
1215,клиенты,ждали,и,молодые,+
1216,клиенты,ждали,и,молодой,-
1921,офицеры,большие,и,ждали,+
1922,офицеры,большие,и,ждал,-
935,клиент,большой,и,молодой,+
936,клиент,большой,и,молодые,-
1523,пилоты,старые,и,молодые,+
1524,пилоты,старые,и,молодой,-
995,режиссёры,говорят,и,говорят,+
996,режиссёры,говорят,и,говорит,-
317,фермер,читает,и,маленький,+
318,фермер,читает,и,маленькие,-
1397,ученики,читают,и,молодые,+
1398,ученики,читают,и,молодой,-
1647,офицеры,маленькие,и,маленькие,+
1648,офицеры,маленькие,и,маленький,-
531,офицер,старый,и,большой,+
532,офицер,старый,и,большие,-
1243,пилоты,ждали,и,молодые,+
1244,пилоты,ждали,и,молодой,-
1795,пилоты,молодые,и,ждали,+
1796,пилоты,молодые,и,ждал,-
1455,врачи,старые,и,большие,+
1456,врачи,старые,и,большой,-
1669,ученики,маленькие,и,ждали,+
1670,ученики,маленькие,и,ждал,-
805,офицер,молодой,и,старый,+
806,офицер,молодой,и,старые,-
1769,клиенты,молодые,и,читают,+
1770,клиенты,молодые,и,читает,-
1643,офицеры,маленькие,и,читают,+
1644,офицеры,маленькие,и,читает,-
147,автор,ждал,и,старый,+
148,автор,ждал,и,старые,-
1227,офицеры,ждали,и,маленькие,+
1228,офицеры,ждали,и,маленький,-
1745,сенаторы,молодые,и,маленькие,+
1746,сенаторы,молодые,и,маленький,-
453,фермер,старый,и,читает,+
454,фермер,старый,и,читают,-
375,клиент,читает,и,молодой,+
376,клиент,читает,и,молодые,-
323,врач,читает,и,говорит,+
324,врач,читает,и,говорят,-
1051,профессора,говорят,и,говорят,+
1052,профессора,говорят,и,говорит,-
1653,пилоты,маленькие,и,говорят,+
1654,пилоты,маленькие,и,говорит,-
1785,офицеры,молодые,и,старые,+
1786,офицеры,молодые,и,старый,-
1297,фермеры,читают,и,маленькие,+
1298,фермеры,читают,и,маленький,-
1393,ученики,читают,и,старые,+
1394,ученики,читают,и,старый,-
287,автор,читает,и,старый,+
288,автор,читает,и,старые,-
295,режиссёр,читает,и,говорит,+
296,режиссёр,читает,и,говорят,-
1395,ученики,читают,и,маленькие,+
1396,ученики,читают,и,маленький,-
1301,фермеры,читают,и,большие,+
1302,фермеры,читают,и,большой,-
781,профессор,молодой,и,молодой,+
782,профессор,молодой,и,молодые,-
1377,пилоты,читают,и,читают,+
1378,пилоты,читают,и,читает,-
1555,режиссёры,маленькие,и,говорят,+
1556,режиссёры,маленькие,и,говорит,-
809,офицер,молодой,и,молодой,+
810,офицер,молодой,и,молодые,-
279,ученик,ждал,и,большой,+
280,ученик,ждал,и,большие,-
1621,профессора,маленькие,и,молодые,+
1622,профессора,маленькие,и,молодой,-
1749,сенаторы,молодые,и,большие,+
1750,сенаторы,молодые,и,большой,-
1677,ученики,маленькие,и,молодые,+
1678,ученики,маленькие,и,молодой,-
1431,фермеры,старые,и,ждали,+
1432,фермеры,старые,и,ждал,-
1777,клиенты,молодые,и,большие,+
1778,клиенты,молодые,и,большой,-
663,офицер,маленький,и,читает,+
664,офицер,маленький,и,читают,-
703,автор,молодой,и,ждал,+
704,автор,молодой,и,ждали,-
1389,ученики,читают,и,ждали,+
1390,ученики,читают,и,ждал,-
921,профессор,большой,и,молодой,+
922,профессор,большой,и,молодые,-
1007,режиссёры,говорят,и,большие,+
1008,режиссёры,говорят,и,большой,-
795,клиент,молодой,и,молодой,+
796,клиент,молодой,и,молодые,-
541,пилот,старый,и,маленький,+
542,пилот,старый,и,маленькие,-
461,фермер,старый,и,большой,+
462,фермер,старый,и,большие,-
1317,сенаторы,читают,и,говорят,+
1318,сенаторы,читают,и,говорит,-
1087,офицеры,говорят,и,маленькие,+
1088,офицеры,говорят,и,маленький,-
1435,фермеры,старые,и,старые,+
1436,фермеры,старые,и,старый,-
1279,режиссёры,читают,и,читают,+
1280,режиссёры,читают,и,читает,-
515,клиент,старый,и,молодой,+
516,клиент,старый,и,молодые,-
1773,клиенты,молодые,и,маленькие,+
1774,клиенты,молодые,и,маленький,-
1811,ученики,молодые,и,читают,+
1812,ученики,молодые,и,читает,-
1425,режиссёры,старые,и,молодые,+
1426,режиссёры,старые,и,молодой,-
1955,ученики,большие,и,маленькие,+
1956,ученики,большие,и,маленький,-
421,автор,старый,и,говорит,+
422,автор,старый,и,говорят,-
227,клиент,ждал,и,ждал,+
228,клиент,ждал,и,ждали,-
117,пилот,говорит,и,читает,+
118,пилот,говорит,и,читают,-
1113,ученики,говорят,и,старые,+
1114,ученики,говорят,и,старый,-
1061,профессора,говорят,и,молодые,+
1062,профессора,говорят,и,молодой,-
379,офицер,читает,и,говорит,+
380,офицер,читает,и,говорят,-
1755,профессора,молодые,и,читают,+
1756,профессора,молодые,и,читает,-
1149,фермеры,ждали,и,говорят,+
1150,фермеры,ждали,и,говорит,-
1277,режиссёры,читают,и,ждали,+
1278,режиссёры,читают,и,ждал,-
533,пилот,старый,и,говорит,+
534,пилот,старый,и,говорят,-
235,клиент,ждал,и,молодой,+
236,клиент,ждал,и,молодые,-
1715,фермеры,молодые,и,старые,+
1716,фермеры,молодые,и,старый,-
507,клиент,старый,и,ждал,+
508,клиент,старый,и,ждали,-
1539,ученики,старые,и,большие,+
1540,ученики,старые,и,большой,-
